{
  "density": 0.32942301731,
  "strain scale": [
    1.0,
    0.75041695951131,
    1.0,
    359.9121803,
    97.277486565,
    359.9121803
  ],
  "strain shift": [
    1,
    0,
    1,
    0,
    0,
    0
  ],
  "strain min": [
    0.35,
    -0.75,
    0.35,
    -179.9560901,
    -84.57589476999999,
    -179.9560901
  ],
  "strain max": [
    2.0,
    0.75,
    2.0,
    179.9560901,
    84.57589476999999,
    179.9560901
  ],
  "coeffs": {
    "const": 0.5240978301664452,
    "1D": [
      {
        "k": 0,
        "tx": [
          -0.65,
          -0.65,
          -0.65,
          -0.65,
          -0.5333333333095238,
          -0.4333333333431373,
          -0.23333333331884065,
          0.18333333342723002,
          1.0,
          1.0,
          1.0,
          1.0
        ],
        "c": [
          37.02319800960786,
          29.92545619518748,
          16.409773838106744,
          0.5439345597356257,
          0.6829717341496874,
          -2.4533603910039545,
          21.02689279105923,
          46.449148085928464,
          0.0,
          0.0,
          0.0,
          0.0
        ]
      },
      {
        "k": 1,
        "tx": [
          -0.9994443628891575,
          -0.9994443628891575,
          -0.9994443628891575,
          -0.9994443628891575,
          0.010095397605264038,
          0.9994443628891575,
          0.9994443628891575,
          0.9994443628891575,
          0.9994443628891575
        ],
        "c": [
          6.416173218991905,
          -0.15229758534431004,
          -0.13051989690069957,
          0.037549911615966235,
          6.3962104019002135,
          0.0,
          0.0,
          0.0,
          0.0
        ]
      },
      {
        "k": 2,
        "tx": [
          -0.65,
          -0.65,
          -0.65,
          -0.65,
          -0.5333333333095238,
          -0.4333333333431373,
          -0.23333333331884065,
          0.18333333342723002,
          1.0,
          1.0,
          1.0,
          1.0
        ],
        "c": [
          43.702802365506344,
          25.670704399616238,
          14.211700590861739,
          1.6982656601223525,
          0.240007161469271,
          -1.7894411962655346,
          19.716559304390934,
          46.75447063008906,
          0.0,
          0.0,
          0.0,
          0.0
        ]
      },
      {
        "k": 3,
        "tx": [
          -0.4999999998610773,
          -0.4999999998610773,
          -0.4999999998610773,
          -0.4999999998610773,
          0.4999999998610773,
          0.4999999998610773,
          0.4999999998610773,
          0.4999999998610773
        ],
        "c": [
          0.40934450291545615,
          -0.19226638132313847,
          -0.1922642865520705,
          0.4093432010033932,
          0.0,
          0.0,
          0.0,
          0.0
        ]
      },
      {
        "k": 4,
        "tx": [
          -0.8694292765622299,
          -0.8694292765622299,
          -0.8694292765622299,
          -0.8694292765622299,
          -0.5566320143748669,
          0.012459944523649916,
          0.5751008089381344,
          0.8694292765622299,
          0.8694292765622299,
          0.8694292765622299,
          0.8694292765622299
        ],
        "c": [
          0.6836404718704889,
          -0.034435115444183165,
          -0.19325017222152338,
          0.16346912812596032,
          -0.2029055363613174,
          -0.026880241206764213,
          0.6176940472638532,
          0.0,
          0.0,
          0.0,
          0.0
        ]
      },
      {
        "k": 5,
        "tx": [
          -0.4999999998610773,
          -0.4999999998610773,
          -0.4999999998610773,
          -0.4999999998610773,
          0.4999999998610773,
          0.4999999998610773,
          0.4999999998610773,
          0.4999999998610773
        ],
        "c": [
          0.45520151318150426,
          -0.1784184045741931,
          -0.17840776678072578,
          0.4552286358585349,
          0.0,
          0.0,
          0.0,
          0.0
        ]
      }
    ],
    "2D": []
  }
}