{
  "density": 0.32942301731,
  "strain scale": [
    1.0,
    0.75,
    1.0,
    179.9560751,
    84.566319525,
    179.9560751
  ],
  "strain shift": [
    1,
    0,
    1,
    0,
    0,
    0
  ],
  "coeffs": {
    "const": 0.016106372438779066,
    "1D": [
      {
        "k": 0,
        "tx": [
          -0.6,
          -0.6,
          -0.6,
          -0.6,
          -0.5,
          -0.16666666666666674,
          0.16666666666666652,
          0.5,
          1.0,
          1.0,
          1.0,
          1.0
        ],
        "c": [
          30.897729330251533,
          22.216950851375486,
          0.5416977250370171,
          0.2060133681474344,
          -0.4289774321348826,
          2.743370033804046,
          18.256868662236542,
          28.974366803694313,
          0.0,
          0.0,
          0.0,
          0.0
        ],
        "clampx": false
      },
      {
        "k": 1,
        "tx": [
          -1.0,
          -1.0,
          -1.0,
          -1.0,
          -0.7999999999999999,
          -0.6222222222222222,
          -0.4444444444444444,
          -0.2666666666666666,
          -0.08888888888888886,
          0.08888888888888886,
          0.2666666666666668,
          0.4444444444444445,
          0.6222222222222222,
          0.7999999999999999,
          1.0,
          1.0,
          1.0,
          1.0
        ],
        "c": [
          4.949429078715593,
          3.0850171481433875,
          0.8864703186054222,
          0.33612844249388435,
          0.13612911622326904,
          0.048077462638312675,
          0.046986602275336596,
          0.04489201906928757,
          0.05115228696525148,
          0.10928322573826138,
          0.3130338273994467,
          1.0778394657768289,
          2.9119751224686916,
          5.146847326894496,
          0.0,
          0.0,
          0.0,
          0.0
        ],
        "clampx": false
      },
      {
        "k": 2,
        "tx": [
          -0.6,
          -0.6,
          -0.6,
          -0.6,
          -0.5,
          -0.16666666666666674,
          0.16666666666666652,
          0.5,
          1.0,
          1.0,
          1.0,
          1.0
        ],
        "c": [
          34.67619526736928,
          22.010865980372504,
          0.428202342194327,
          0.23994696555677555,
          -0.46097107698662654,
          2.949194944152617,
          18.86822721433124,
          30.3163528761692,
          0.0,
          0.0,
          0.0,
          0.0
        ],
        "clampx": false
      },
      {
        "k": 3,
        "tx": [
          -1.0,
          -1.0,
          -1.0,
          -1.0,
          1.0,
          1.0,
          1.0,
          1.0
        ],
        "c": [
          0.24678566989268358,
          -0.025843455819040285,
          -0.02584916141427431,
          0.246790737097646,
          0.0,
          0.0,
          0.0,
          0.0
        ],
        "clampx": true,
        "xmin": -1.0,
        "xmax": 1.0
      },
      {
        "k": 4,
        "tx": [
          -1.0,
          -1.0,
          -1.0,
          -1.0,
          -0.8277527080897281,
          -0.27591756936324274,
          0.27591756936324263,
          0.8277527080897281,
          1.0,
          1.0,
          1.0,
          1.0
        ],
        "c": [
          0.4500113144504208,
          0.13680262536657212,
          0.08093181201468518,
          -0.02982040617798139,
          0.030566579828077495,
          -0.008180134352689331,
          0.3493183165321043,
          0.6748965520111829,
          0.0,
          0.0,
          0.0,
          0.0
        ],
        "clampx": true,
        "xmin": -1.0,
        "xmax": 1.0
      },
      {
        "k": 5,
        "tx": [
          -1.0,
          -1.0,
          -1.0,
          -1.0,
          1.0,
          1.0,
          1.0,
          1.0
        ],
        "c": [
          0.1765097642939426,
          -0.06774495219326566,
          -0.061844660726140754,
          0.17348001609436373,
          0.0,
          0.0,
          0.0,
          0.0
        ],
        "clampx": true,
        "xmin": -1.0,
        "xmax": 1.0
      }
    ],
    "2D": [
      {
        "k0": 0,
        "k1": 1,
        "C": [
          2.0206273174412046,
          -4.166598726412844,
          -11.111249909558987,
          0.0050121587109167596,
          9.12109033124886,
          9.55810069304955
        ],
        "clampx": true,
        "xmin": -0.36,
        "xmax": 0.76,
        "clampy": true,
        "ymin": -0.7000000000000001,
        "ymax": 0.7000000000000001
      },
      {
        "k0": 0,
        "k1": 2,
        "C": [
          12.776111468951942,
          -18.0710430401988,
          -24.015074081298117,
          5.827047850443522,
          20.03805709482215,
          11.15996839525349
        ],
        "clampx": true,
        "xmin": -0.36,
        "xmax": 1.0,
        "clampy": true,
        "ymin": -0.36,
        "ymax": 1.0
      },
      {
        "k0": 1,
        "k1": 2,
        "C": [
          -0.15153287464614631,
          -0.9281021509741177,
          -1.768746087140643,
          0.47443636327711347,
          4.290451406849129,
          0.7306597359663083
        ],
        "clampx": true,
        "xmin": -0.7000000000000001,
        "xmax": 0.7000000000000001,
        "clampy": true,
        "ymin": -0.36,
        "ymax": 0.76
      },
      {
        "k0": 3,
        "k1": 5,
        "C": [
          -0.016082208055975482,
          -0.009241310408852142,
          0.01075067199732605,
          -3.4174269251595555,
          8.365003045773125,
          -3.5409787497822025
        ],
        "clampx": true,
        "xmin": -0.7000871353189455,
        "xmax": 0.7000871353189455,
        "clampy": true,
        "ymin": -0.7000871353189455,
        "ymax": 0.7000871353189455
      }
    ]
  }
}