{
  "density": 0.32949044794,
  "strain scale": [
    1.0,
    0.75,
    1.0,
    199.9485161,
    78.26567193,
    249.8994509
  ],
  "strain shift": [
    1,
    0,
    1,
    0,
    0,
    0
  ],
  "coeffs": {
    "const": 0.19190397607648244,
    "1D": [
      {
        "k": 0,
        "t": [
          -0.4625,
          -0.3875,
          -0.3125,
          -0.23750000000000004,
          -0.16250000000000003,
          -0.08750000000000002,
          -0.012500000000000067,
          0.0625,
          0.13749999999999996,
          0.2124999999999999,
          0.2875,
          0.36249999999999993,
          0.4374999999999999,
          0.5125,
          0.5875,
          0.6625,
          0.7374999999999999,
          0.8124999999999999,
          0.8874999999999998,
          0.9625
        ],
        "p": [
          3.830940542748429,
          1.998847180180369,
          0.42447794620971213,
          0.07256273515934256,
          0.09087325790531328,
          0.023669222060115486,
          0.0,
          0.0014911960447824557,
          0.09491609048179958,
          0.29199002420679765,
          0.5791369552414539,
          0.9593867361432025,
          1.435129363233425,
          2.007811698020273,
          2.677608169182205,
          3.4546295703344216,
          4.3211952759745165,
          5.278991350332457,
          6.3301933880070065,
          7.472392372437382
        ],
        "m": [
          -24.42791150090746,
          -22.70975064359144,
          -12.841896300140178,
          0.0,
          0.0,
          -0.6058217193687553,
          0.0,
          0.05964784179129817,
          1.9366588544134358,
          3.228139098397695,
          4.449311412909365,
          5.70661605327981,
          6.989499745847135,
          8.283192039658525,
          9.645452482094324,
          10.957247378615417,
          12.162411866653574,
          13.393320746883274,
          14.62267348069949,
          15.229319792404976
        ]
      },
      {
        "k": 1,
        "t": [
          -0.95,
          -0.85,
          -0.75,
          -0.6499999999999999,
          -0.55,
          -0.45,
          -0.35,
          -0.25,
          -0.15000000000000002,
          -0.050000000000000044,
          0.04999999999999993,
          0.1499999999999999,
          0.25,
          0.34999999999999987,
          0.44999999999999996,
          0.5499999999999998,
          0.6499999999999999,
          0.75,
          0.8499999999999999,
          0.95
        ],
        "p": [
          1.5956891855413202,
          0.9271744398144817,
          0.4970701847118759,
          0.29345909529363023,
          0.1927601079862766,
          0.11527836677653755,
          0.07057862160057274,
          0.03791403209450114,
          0.015973770439102475,
          0.0010496496316795834,
          -0.0012813305755960958,
          0.006865716784523551,
          0.024511644923982445,
          0.048948058439937964,
          0.08762950340106854,
          0.1584721503615336,
          0.3059828222482919,
          0.4960307521140832,
          0.8474585953477769,
          1.473285223331092
        ],
        "m": [
          -6.685147457268387,
          -5.493095004147223,
          -3.1685767226042567,
          -1.5215503836279964,
          -0.890903642585464,
          -0.6109074319285192,
          -0.386821673410182,
          -0.27302425580735135,
          -0.18432191231410783,
          -0.06992940621827039,
          0.0,
          0.12896487749789262,
          0.21041170827707215,
          0.31558929238543043,
          0.5476204596079784,
          1.0917665942361165,
          1.6877930087627466,
          2.707378865497427,
          4.886272356085044,
          6.258266279833146
        ]
      },
      {
        "k": 2,
        "t": [
          -0.4625,
          -0.3875,
          -0.3125,
          -0.23750000000000004,
          -0.16250000000000003,
          -0.08750000000000002,
          -0.012500000000000067,
          0.0625,
          0.13749999999999996,
          0.2124999999999999,
          0.2875,
          0.36249999999999993,
          0.4374999999999999,
          0.5125,
          0.5875,
          0.6625,
          0.7374999999999999,
          0.8124999999999999,
          0.8874999999999998,
          0.9625
        ],
        "p": [
          12.298726603363082,
          8.20501859571947,
          3.3161303026960978,
          1.6458188134061227,
          0.20304333433148392,
          0.046511061427249145,
          -0.006463765016748363,
          0.06427195957698334,
          0.22000175867466776,
          0.45642347951032325,
          0.7818389727415124,
          1.1981744553902691,
          1.715758849774412,
          2.3664290834140447,
          3.1073785529898448,
          3.9658555873348034,
          4.949641837243565,
          6.0566485017666745,
          7.28770851670133,
          8.645019139129108
        ],
        "m": [
          -54.58277343524817,
          -59.88397533777989,
          -43.72799854875564,
          -20.753913122430763,
          -6.208248756011074,
          -0.813271984266186,
          0.0,
          1.5097701579427745,
          2.6143434662222678,
          3.7455814271122967,
          4.9450065058663055,
          6.226132513552669,
          7.788364186825168,
          9.277464688102876,
          10.662843359471722,
          12.28175522835814,
          13.938619429545817,
          15.587111196385111,
          17.25580424908287,
          18.09747496570366
        ]
      },
      {
        "k": 3,
        "t": [
          -0.95,
          -0.85,
          -0.75,
          -0.6499999999999999,
          -0.55,
          -0.45,
          -0.35,
          -0.25,
          -0.15000000000000002,
          -0.050000000000000044,
          0.04999999999999993,
          0.1499999999999999,
          0.25,
          0.34999999999999987,
          0.44999999999999996,
          0.5499999999999998,
          0.6499999999999999,
          0.75,
          0.8499999999999999,
          0.95
        ],
        "p": [
          0.9085894078587331,
          0.7522805881802043,
          0.6112027000246769,
          0.48585877904792385,
          0.37661196887055093,
          0.2845750685169999,
          0.20235039955722925,
          0.1318914625694199,
          0.07291569502808229,
          0.023727853105779184,
          -0.015450765520735071,
          -0.04509631141630149,
          -0.06541880924214029,
          -0.07756504656685059,
          -0.08469088440131307,
          -0.08671845803328329,
          -0.0834762038113572,
          -0.08551526430775341,
          -0.08288573089143278,
          -0.07793232600699704
        ],
        "m": [
          -1.5630881967852888,
          -1.4869335391702814,
          -1.3321090456614018,
          -1.1729536557706302,
          -1.0064185526546205,
          -0.8713078465666081,
          -0.7634180297378999,
          -0.6471735226457349,
          -0.5408180473182036,
          -0.4418323027440869,
          -0.34412082261040344,
          -0.24984021860702602,
          -0.1623436757527455,
          -0.09636037579586398,
          -0.04576705733216347,
          0.0,
          0.0,
          0.0,
          0.03791469150378188,
          0.04953404884435737
        ]
      },
      {
        "k": 4,
        "t": [
          -0.95,
          -0.85,
          -0.75,
          -0.6499999999999999,
          -0.55,
          -0.45,
          -0.35,
          -0.25,
          -0.15000000000000002,
          -0.050000000000000044,
          0.04999999999999993,
          0.1499999999999999,
          0.25,
          0.34999999999999987,
          0.44999999999999996,
          0.5499999999999998,
          0.6499999999999999,
          0.75,
          0.8499999999999999,
          0.95
        ],