{
  "density": 0.32949044794,
  "strain scale": [
    1.0,
    0.75,
    1.0,
    199.9485161,
    78.26567193,
    249.8994509
  ],
  "strain shift": [
    1,
    0,
    1,
    0,
    0,
    0
  ],
  "coeffs": {
    "const": 0.08310342249635294,
    "1D": [
      {
        "k": 0,
        "t": [
          -0.48375,
          -0.45,
          -0.315,
          -0.18,
          -0.044999999999999984,
          0.09000000000000002,
          0.22500000000000003,
          0.36000000000000004,
          0.49500000000000005,
          0.6300000000000001,
          0.7650000000000001,
          0.9,
          0.93375
        ],
        "p": [
          5.536347707460296,
          4.083913955578531,
          0.26765834223255247,
          -0.047822078765473175,
          -0.005330791390862032,
          0.10963172083284214,
          1.1232211386506985,
          3.220201376091482,
          6.34439820608997,
          10.457254530596389,
          15.535488409953382,
          21.577947437083083,
          23.238281971102637
        ],
        "m": [
          -43.03507412983007,
          -35.65181711434458,
          -15.30272605312594,
          -1.0110708652719056,
          0.5831622207345011,
          4.179821963116891,
          11.520628352809776,
          19.337692842367673,
          26.803900572240387,
          34.041074829123744,
          41.187751505506284,
          46.977026530399755,
          49.19509730428317
        ]
      },
      {
        "k": 1,
        "t": [
          -0.9450000000000001,
          -0.9,
          -0.72,
          -0.54,
          -0.36,
          -0.18000000000000005,
          -1.1102230246251565e-16,
          0.18000000000000005,
          0.36,
          0.5399999999999999,
          0.7199999999999999,
          0.9,
          0.9450000000000001
        ],
        "p": [
          2.015106069055186,
          1.6980265182329788,
          0.3700370260338044,
          0.10141749805307376,
          0.026219397560227203,
          0.009346371046103023,
          0.005827618654373596,
          0.009975533422505156,
          0.027864520942058713,
          0.10640381761802997,
          0.3785359308487397,
          1.707749663504785,
          2.0111959732364895
        ],
        "m": [
          -7.211965830800003,
          -7.211965820800003,
          -4.435025056055291,
          -0.955048967982159,
          -0.25575313057491866,
          -0.056643830294037814,
          0.0017476732677836875,
          0.06121361746579199,
          0.26785634498756905,
          0.9740872497407809,
          4.448182905240984,
          7.063886032174613,
          7.063886042174613
        ]
      },
      {
        "k": 2,
        "t": [
          -0.48375,
          -0.45,
          -0.315,
          -0.18,
          -0.044999999999999984,
          0.09000000000000002,
          0.22500000000000003,
          0.36000000000000004,
          0.49500000000000005,
          0.6300000000000001,
          0.7650000000000001,
          0.9,
          0.93375
        ],
        "p": [
          5.651872844516188,
          4.277456971001584,
          0.4063017527059074,
          -0.004271369463535124,
          -0.02804798139256589,
          0.2547690451865757,
          1.3085819380909982,
          3.5605335435920527,
          7.132110687460331,
          12.022465208591695,
          18.27109424405299,
          25.689576047988115,
          27.804674197650478
        ],
        "m": [
          -40.72343328932159,
          -34.69932856427441,
          -15.858253112833774,
          -1.6087027188832344,
          0.9594089431485585,
          4.95048118327246,
          12.243572216316583,
          21.568624997664195,
          31.340487648146816,
          41.25549465404687,
          50.618929034801575,
          58.8106459354985,
          62.66957480481083
        ]
      },
      {
        "k": 3,
        "t": [
          -0.9450000000000001,
          -0.9,
          -0.72,
          -0.54,
          -0.36,
          -0.18000000000000005,
          -1.1102230246251565e-16,
          0.18000000000000005,
          0.36,
          0.5399999999999999,
          0.7199999999999999,
          0.9,
          0.9450000000000001
        ],
        "p": [
          1.7805078084351338,
          1.634591426197738,
          1.1137416700710296,
          0.6880020416728603,
          0.3581750317784209,
          0.126661371499621,
          -0.015076325120354103,
          -0.07808304065228727,
          -0.09344056105819419,
          -0.09624717898771387,
          -0.09638196299212765,
          -0.09611555156218196,
          -0.09589291415888537
        ],
        "m": [
          -3.242586271942128,
          -3.0680980141008085,
          -2.629414957013549,
          -2.098796217479469,
          -1.559279639370109,
          -1.0368093247188197,
          -0.5687344781997451,
          -0.21767843316066676,
          -0.050455939820629465,
          -0.008170560927592932,
          0.0003656317375886396,
          0.003213780675366768,
          0.004947497851035291
        ]
      },
      {
        "k": 4,
        "t": [
          -0.9450000000000001,
          -0.9,
          -0.72,
          -0.54,
          -0.36,
          -0.18000000000000005,
          -1.1102230246251565e-16,
          0.18000000000000005,
          0.36,
          0.5399999999999999,
          0.7199999999999999,
          0.9,
          0.9450000000000001
        ],
        "p": [
          0.013574661282882594,
          0.009856917139911485,
          -0.005927915837891207,
          -0.010281147293653911,
          -0.0072541762728483535,
          -0.002785072079259541,
          -2.0284235464271983e-05,
          -0.001432125033845831,
          -0.005239908172077824,
          -0.006927665828648573,
          -0.002244246571255243,
          0.012929705570935035,
          0.020714388928551264
        ],
        "m": [
          -0.08515503652690865,
          -0.08515502652690865,
          -0.055939067871014984,
          -0.0036840567637698596,
          0.020822431151095472,
          0.020094144548289124,
          0.0037581862372603114,
          -0.014498955379482089,
          -0.01526539109667429,
          0.008321282224507173,
          0.05515936499884332,
          0.12864634881293097,
          0.1729929635025827
        ]
      },
      {
        "k": 5,
        "t": [
          -0.9450000000000001,
          -0.9,
          -0.72,
          -0.54,
          -0.36,
          -0.18000000000000005,
          -1.1102230246251565e-16,
          0.18000000000000005,
          0.36,
          0.5399999999999999,
          0.7199999999999999,
          0.9,
          0.9450000000000001
        ],
        "p": [
          -0.07600959157030507,
          -0.07659124320311457,
          -0.07824348957263078,
          -0.0781326762407044,
          -0.07373453491556435,
          -0.05500479292465518,
          -3.9225303043348104e-05,
          0.1261767128893091,
          0.3806705352210603,
          0.8352557854933594,
          1.5475186284837281,
          2.5016872860513493,
          2.7766753202098684
        ],
        "m": [
          -0.012925591840211137,
          -0.011052369168761693,
          -0.004281758437749523,
          0.012524874047406733,
          0.06424412032235895,
          0.20470919336811394,
          0.5032819605943449,
          1.0575271125669545,
          1.9696640905668072,
          3.2412447035074115,
          4.628976390438859,
          5.705891095004711,
          6.110845203522642
        ]
      }
    ],
    "2D": []
  }
}