{
  "density": 0.32942301731,
  "strain scale": [
    1.0,
    0.75041695951131,
    1.0,
    359.9121803,
    97.277486565,
    359.9121803
  ],
  "strain shift": [
    1,
    0,
    1,
    0,
    0,
    0
  ],
  "strain min": [
    0.35,
    -0.75,
    0.35,
    -179.9560901,
    -84.57589476999999,
    -179.9560901
  ],
  "strain max": [
    2.0,
    0.75,
    2.0,
    179.9560901,
    84.57589476999999,
    179.9560901
  ],
  "coeffs": {
    "const": 0.5240978301664452,
    "1D": [
      {
        "k": 0,
        "tx": [
          -0.65,
          -0.65,
          -0.65,
          -0.65,
          0.05,
          0.1,
          0.3,
          0.35,
          1.0,
          1.0,
          1.0,
          1.0
        ],
        "c": [
          23.748438842080507,
          -5.606128242603714,
          1.2177238589224575,
          -0.11320882537109866,
          3.3423380659206186,
          9.116721958157296,
          27.889181820561337,
          46.35002734907193,
          0.0,
          0.0,
          0.0,
          0.0
        ]
      },
      {
        "k": 1,
        "tx": [
          -0.9994443628891575,
          -0.9994443628891575,
          -0.9994443628891575,
          -0.9994443628891575,
          0.010095397605264038,
          0.9994443628891575,
          0.9994443628891575,
          0.9994443628891575,
          0.9994443628891575
        ],
        "c": [
          6.421470916497515,
          -0.5697067608739106,
          -0.026980844006063823,
          -0.39306012881785823,
          6.431840481258174,
          0.0,
          0.0,
          0.0,
          0.0
        ]
      },
      {
        "k": 2,
        "tx": [
          -0.65,
          -0.65,
          -0.65,
          -0.65,
          -0.5333333333095238,
          -0.4333333333431373,
          -0.23333333331884065,
          0.18333333342723002,
          1.0,
          1.0,
          1.0,
          1.0
        ],
        "c": [
          45.912803763213375,
          24.053685238688676,
          14.547872843804782,
          1.5874635123606353,
          0.2548500692808854,
          -1.9199079959892293,
          19.83644541027456,
          46.58905335523553,
          0.0,
          0.0,
          0.0,
          0.0
        ]
      },
      {
        "k": 3,
        "tx": [
          -0.4999999998610773,
          -0.4999999998610773,
          -0.4999999998610773,
          -0.4999999998610773,
          0.4999999998610773,
          0.4999999998610773,
          0.4999999998610773,
          0.4999999998610773
        ],
        "c": [
          0.40616023601587853,
          -0.19196701553706644,
          -0.19196496983310132,
          0.40615895768039223,
          0.0,
          0.0,
          0.0,
          0.0
        ]
      },
      {
        "k": 4,
        "tx": [
          -0.8694292765622299,
          -0.8694292765622299,
          -0.8694292765622299,
          -0.8694292765622299,
          -0.7468648869381898,
          -0.5566320143748669,
          0.012459944523649916,
          0.5751008089381344,
          0.8694292765622299,
          0.8694292765622299,
          0.8694292765622299,
          0.8694292765622299
        ],
        "c": [
          0.7618135463762062,
          0.38223362009796263,
          -0.06585856749947736,
          -0.1381036834019759,
          0.12317773109170983,
          -0.16154602167648954,
          -0.06420570382416053,
          0.6670205311935233,
          0.0,
          0.0,
          0.0,
          0.0
        ]
      },
      {
        "k": 5,
        "tx": [
          -0.4999999998610773,
          -0.4999999998610773,
          -0.4999999998610773,
          -0.4999999998610773,
          0.4999999998610773,
          0.4999999998610773,
          0.4999999998610773,
          0.4999999998610773
        ],
        "c": [
          0.462894794653651,
          -0.16737164253240328,
          -0.16735854905615852,
          0.4629209747860143,
          0.0,
          0.0,
          0.0,
          0.0
        ]
      }
    ],
    "2D": [
      {
        "k0": 0,
        "k1": 1,
        "C": [
          0.1769754321528876,
          -4.652760823178471,
          -0.8085197459529532,
          0.06087436601721275,
          5.481219411181326,
          0.6538761807934914
        ]
      },
      {
        "k0": 0,
        "k1": 2,
        "C": [
          23.39596012887377,
          -72.35443736648796,
          -29.15341953488406,
          45.22558375879005,
          45.3979490021385,
          1.0000000305064055e-10
        ]
      },
      {
        "k0": 0,
        "k1": 3,
        "C": [
          -0.001195698354890224,
          -5.976524088773628,
          0.0013310425071094449,
          2.5563231145188146e-06,
          3.5362820253572145,
          2.2235525894463725e-05
        ]
      },
      {
        "k0": 0,
        "k1": 4,
        "C": [
          6.990078608436211,
          -16.64761735044624,
          -19.613907309762435,
          0.6692131655365374,
          7.91056816563641,
          12.43970109313481
        ]
      },
      {
        "k0": 0,
        "k1": 5,
        "C": [
          0.0005424331914227518,
          -8.695697936195716,
          -0.0035084937788706153,
          0.0019282336809646789,
          13.20135373139569,
          0.0029963551867435295
        ]
      },
      {
        "k0": 1,
        "k1": 2,
        "C": [
          -37.256893013739884,
          46.71375380207817,
          15.904736060623142,
          1.0075297586791161e-10,
          1.0004624208534061e-10,
          2.3096204442647934e-06
        ]
      },
      {
        "k0": 1,
        "k1": 3,
        "C": [
          -5.100984832680055,
          -2.0286619339633685,
          -0.1669355179951341,
          1.0031671885705207e-10,
          1.0000000000000002e-10,
          11.882989110207067
        ]
      },
      {
        "k0": 1,
        "k1": 4,
        "C": [
          -6.424848156547225,
          -1.6938084846031722,
          4.241984927790728,
          12.935842157075742,
          1.0000000000001276e-10,
          1.0000000037661908e-10
        ]
      },
      {
        "k0": 1,
        "k1": 5,
        "C": [
          -0.4577983063500605,
          13.669816417715133,
          1.572222694183375,
          1.0000922106741391e-10,
          1.0000054594328132e-10,
          1.000000039045431e-10
        ]
      },
      {
        "k0": 2,
        "k1": 3,
        "C": [
          -3.149955726538326,
          126.32086564047306,
          4.224539831785888,
          1.00000000591387e-10,
          1.0000000000000002e-10,
          1.00013777925344e-10
        ]
      },
      {
        "k0": 2,
        "k1": 4,
        "C": [
          -99.06845713292601,
          14.699606199272967,
          118.6030295796067,
          7.693988124060905,
          1.0000000001320148e-10,
          1.0000043802875453e-10
        ]
      },
      {
        "k0": 2,
        "k1": 5,
        "C": [
          -0.3570398073908227,
          8.733927871141882,
          0.3963952755305617,
          0.03196486618462365,
          1.0000000001030149e-10,
          3.0366879819983456e-06
        ]
      },
      {
        "k0": 3,
        "k1": 4,
        "C": [
          -0.5286512288898698,
          -0.2132784688500691,
          -5.814331703388315,
          1.0000796400646994e-10,
          0.08528587110239182,
          2.575185771409111
        ]
      },
      {
        "k0": 3,
        "k1": 5,
        "C": [
          0.7308494155247047,
          -14.286299198556614,
          11.295183938346756,
          31.42156888439105,
          491.56821070392283,
          4.2255594379439487e-10
        ]
      },
      {
        "k0": 4,
        "k1": 5,