{
  "density": 0.56940139174,
  "strain scale": [
    1.0,
    0.7505575363553992,
    1.0,
    199.9433812,
    59.317761845,
    299.8089368
  ],
  "strain shift": [
    1,
    0,
    1,
    0,
    0,
    0
  ],
  "strain min": [
    0.35,
    -0.75,
    0.35,
    -99.97169061,
    -51.298925194999995,
    -109.962321
  ],
  "strain max": [
    2.0,
    0.75,
    2.0,
    99.97169061,
    51.298925194999995,
    149.9044684
  ],
  "coeffs": {
    "const": 0.3865167672759018,
    "1D": [
      {
        "k": 0,
        "tx": [
          -0.65,
          -0.65,
          -0.65,
          -0.65,
          -0.23333333331884065,
          0.18333333342723002,
          1.0,
          1.0,
          1.0,
          1.0
        ],
        "c": [
          4.698937013890271,
          0.2297034840948702,
          -0.10218980981350581,
          0.10282610157669966,
          1.239172915749022,
          5.607342076154145,
          0.0,
          0.0,
          0.0,
          0.0
        ]
      },
      {
        "k": 1,
        "tx": [
          -0.9992571703988123,
          -0.9992571703988123,
          -0.9992571703988123,
          -0.9992571703988123,
          0.010093506772028167,
          0.9992571703988123,
          0.9992571703988123,
          0.9992571703988123,
          0.9992571703988123
        ],
        "c": [
          0.6573036327837357,
          0.03327639121154619,
          -0.08167734736252726,
          0.02833626131884607,
          0.6173799228163855,
          0.0,
          0.0,
          0.0,
          0.0
        ]
      },
      {
        "k": 2,
        "tx": [
          -0.65,
          -0.65,
          -0.65,
          -0.65,
          -0.5833333333466666,
          -0.5333333333095238,
          -0.4333333333431373,
          -0.23333333331884065,
          0.18333333342723002,
          0.25,
          0.30000000000000004,
          0.3999999999999999,
          0.6000000000000001,
          1.0,
          1.0,
          1.0,
          1.0
        ],
        "c": [
          29.68637521904721,
          21.57348451136859,
          15.870330985759395,
          7.509535260028878,
          0.6844703612118147,
          -0.04408991786831251,
          -0.1888752041731632,
          0.6972109996039241,
          1.9286736570390297,
          2.025945280991282,
          4.938427785717335,
          8.2093264537582,
          11.925917640474887,
          0.0,
          0.0,
          0.0,
          0.0
        ]
      },
      {
        "k": 3,
        "tx": [
          -0.5000000000500141,
          -0.5000000000500141,
          -0.5000000000500141,
          -0.5000000000500141,
          0.5000000000500141,
          0.5000000000500141,
          0.5000000000500141,
          0.5000000000500141
        ],
        "c": [
          0.10665186266591811,
          0.06529214016521831,
          -0.0688104844074487,
          0.13666229513004907,
          0.0,
          0.0,
          0.0,
          0.0
        ]
      },
      {
        "k": 4,
        "tx": [
          -0.8648155897898915,
          -0.8648155897898915,
          -0.8648155897898915,
          -0.8648155897898915,
          0.8648155897898915,
          0.8648155897898915,
          0.8648155897898915,
          0.8648155897898915
        ],
        "c": [
          0.13431806197735177,
          -0.11236522363386907,
          -0.07571920733355897,
          0.09980372964410394,
          0.0,
          0.0,
          0.0,
          0.0
        ]
      },
      {
        "k": 5,
        "tx": [
          -0.36677466046769286,
          -0.36677466046769286,
          -0.36677466046769286,
          -0.36677466046769286,
          0.07108813178647048,
          0.13240165227789832,
          0.15867675369442155,
          0.1849501818452798,
          0.2900216219972266,
          0.5,
          0.5,
          0.5,
          0.5
        ],
        "c": [
          0.7457947974489729,
          0.047223227685322645,
          0.03811217140767761,
          0.027169341239268768,
          0.053412778100095155,
          1.1312466104512928,
          1.0336293804929575,
          1.5578132331493624,
          1.5118249516481101,
          0.0,
          0.0,
          0.0,
          0.0
        ]
      }
    ],
    "2D": [
      {
        "k0": 0,
        "k1": 1,
        "tx": [
          -0.65,
          -0.65,
          -0.65,
          -0.65,
          1.0,
          1.0,
          1.0,
          1.0
        ],
        "ty": [
          -0.9992571707117723,
          -0.9992571707117723,
          -0.9992571707117723,
          -0.9992571707117723,
          0.9992571707117723,
          0.9992571707117723,
          0.9992571707117723,
          0.9992571707117723
        ],
        "c": [
          4.246971811064273,
          -1.53836846930777,
          -1.9164157913857898,
          5.060815768881924,
          -5.152999911415349,
          1.8366554981111791,
          1.3258675774570556,
          -5.307207048530181,
          4.158391632190113,
          -1.4387762953022203,
          -0.6500333760353827,
          3.9713323631945974,
          -0.10037781257263481,
          -0.16276812464289314,
          -0.5659981171204702,
          -0.05991328829931234
        ]
      },
      {
        "k0": 0,
        "k1": 2,
        "tx": [
          -0.65,
          -0.65,
          -0.65,
          -0.65,
          1.0,
          1.0,
          1.0,
          1.0
        ],
        "ty": [
          -0.65,
          -0.65,
          -0.65,
          -0.65,
          1.0,
          1.0,
          1.0,
          1.0
        ],
        "c": [
          17.368184235699307,
          -12.605742366983597,
          6.99942596783393,
          -5.497384162442098,
          -15.433544429509348,
          10.525500755136932,
          -3.6266022326457503,
          -0.5679367608466105,
          9.173654634773262,
          -4.545822063874529,
          -1.495972302976132,
          1.9597925731757877,
          -6.7139870395651275,
          0.5916894555334437,
          1.9258402791521763,
          20.788332346962445
        ]
      },
      {
        "k0": 0,
        "k1": 3,
        "tx": [
          -0.650042467719296,
          -0.650042467719296,
          -0.650042467719296,
          -0.650042467719296,
          1.0,
          1.0,
          1.0,
          1.0
        ],
        "ty": [
          -1.0,
          -1.0,
          -1.0,
          -1.0,
          1.0,
          1.0,
          1.0,
          1.0
        ],
        "c": [
          17.853052505447398,
          -2.9670370597493494,
          -6.319557606442185,
          18.9018156209026,
          -8.928231197685347,
          -0.6010064403697843,
          3.3548516291730075,
          -10.900667688608817,
          2.649284633440638,
          1.5145739549309478,
          0.05226745856802409,
          3.3177245393141592,
          -0.657295005625541,
          -1.2117224568288574,
          -0.7011309248086925,
          -0.6894321109236708
        ]
      },
      {
        "k0": 0,
        "k1": 4,
        "tx": [
          -0.6503038334496645,
          -0.6503038334496645,
          -0.6503038334496645,
          -0.6503038334496645,
          1.0,
          1.0,
          1.0,
          1.0
        ],
        "ty": [
          -0.95184527170017,
          -0.95184527170017,
          -0.95184527170017,
          -0.95184527170017,
          0.95184527170017,
          0.95184527170017,
          0.95184527170017,
          0.95184527170017
        ],