{
  "density": 0.32949044794,
  "strain scale": [
    1.0,
    0.7505306426861681,
    1.0,
    399.8970322,
    83.31334211,
    499.7989018
  ],
  "strain shift": [
    1,
    0,
    1,
    0,
    0,
    0
  ],
  "strain min": [
    0.4994744020467916,
    -0.7505306426861681,
    0.4994554946138845,
    -399.8970322,
    -83.31334211,
    -499.7989018
  ],
  "strain max": [
    2.0,
    0.7505306426861681,
    2.0,
    399.8970322,
    83.31334211,
    499.7989018
  ],
  "coeffs": {
    "const": 0.18992796549149943,
    "1D": [
      {
        "k": 0,
        "tx": [
          -0.5,
          -0.5,
          -0.5,
          -0.5,
          -0.3030303030260211,
          -0.12121212121468128,
          0.2575757575589632,
          1.0,
          1.0,
          1.0,
          1.0
        ],
        "c": [
          5.456510944792764,
          2.1134333273797554,
          -0.2856621468374823,
          0.16638809504065932,
          -0.3288362805046111,
          4.433179988534808,
          7.836073221307489,
          0.0,
          0.0,
          0.0,
          0.0
        ]
      },
      {
        "k": 1,
        "tx": [
          -0.9992929766541324,
          -0.9992929766541324,
          -0.9992929766541324,
          -0.9992929766541324,
          0.9992929766541324,
          0.9992929766541324,
          0.9992929766541324,
          0.9992929766541324
        ],
        "c": [
          0.9350414629065009,
          -0.4452520157675319,
          -0.3763327768264117,
          0.813066826957311,
          0.0,
          0.0,
          0.0,
          0.0
        ]
      },
      {
        "k": 2,
        "tx": [
          -0.5,
          -0.5,
          -0.5,
          -0.5,
          -0.12121212121468128,
          0.2575757575589632,
          1.0,
          1.0,
          1.0,
          1.0
        ],
        "c": [
          3.5035371246713827,
          0.6222107114586118,
          -0.23349841475046396,
          0.5194843957772323,
          4.30157275435381,
          9.546548603356337,
          0.0,
          0.0,
          0.0,
          0.0
        ]
      },
      {
        "k": 3,
        "tx": [
          -0.5,
          -0.5,
          -0.5,
          -0.5,
          0.5,
          0.5,
          0.5,
          0.5
        ],
        "c": [
          0.9832350374593932,
          -0.2018930601709542,
          -0.12406775105379556,
          -0.08997332963126702,
          0.0,
          0.0,
          0.0,
          0.0
        ]
      },
      {
        "k": 4,
        "tx": [
          -0.9394134234426045,
          -0.9394134234426045,
          -0.9394134234426045,
          -0.9394134234426045,
          0.9394134234426045,
          0.9394134234426045,
          0.9394134234426045,
          0.9394134234426045
        ],
        "c": [
          0.1230684730460257,
          -0.064397632954374,
          -0.052158571110675817,
          0.10219878588379092,
          0.0,
          0.0,
          0.0,
          0.0
        ]
      },
      {
        "k": 5,
        "tx": [
          -0.5,
          -0.5,
          -0.5,
          -0.5,
          0.5,
          0.5,
          0.5,
          0.5
        ],
        "c": [
          -0.03890595930395504,
          0.0752717637223081,
          -0.6445923432916663,
          1.735058280398311,
          0.0,
          0.0,
          0.0,
          0.0
        ]
      }
    ],
    "2D": [
      {
        "k0": 0,
        "k1": 1,
        "tx": [
          -0.5,
          -0.5,
          -0.5,
          -0.5,
          -0.28542501864040487,
          1.0,
          1.0,
          1.0,
          1.0
        ],
        "ty": [
          -0.9992929770381583,
          -0.9992929770381583,
          -0.9992929770381583,
          -0.9992929770381583,
          -0.026575828965395173,
          0.9992929770381583,
          0.9992929770381583,
          0.9992929770381583,
          0.9992929770381583
        ],
        "c": [
          -1.401555103481927,
          -7.113723007353012,
          4.262976691219339,
          -8.038397128551521,
          -1.5855493696480716,
          -0.4503511592258485,
          -3.7075250985071815,
          3.7961897589826363,
          -4.111338137442689,
          -0.3317081503975236,
          1.0426162834229742,
          5.230436255709834,
          -4.578292860657833,
          5.856702802672742,
          1.195167502402738,
          0.4060789683664189,
          -5.830835420578129,
          5.152609124516605,
          -6.581021076141863,
          0.3270768916460183,
          1.7162570566852162,
          1.4845929797922066,
          -0.48455594802501584,
          1.9710535154869844,
          1.9548277608694724
        ]
      },
      {
        "k0": 0,
        "k1": 2,
        "tx": [
          -0.5,
          -0.5,
          -0.5,
          -0.5,
          1.0,
          1.0,
          1.0,
          1.0
        ],
        "ty": [
          -0.5,
          -0.5,
          -0.5,
          -0.5,
          1.0,
          1.0,
          1.0,
          1.0
        ],
        "c": [
          -0.6806105453419969,
          -2.2079495706965604,
          3.135876721689716,
          -1.2051934145640746,
          2.48528317653547,
          0.9198721705645034,
          -2.6403497257324187,
          -4.830041598242715,
          -0.7271224101278168,
          -1.6875408511291519,
          2.415285295993537,
          10.906636034026613,
          -4.450022953524035,
          -2.3857404199654297,
          8.582377010764349,
          17.484333364821737
        ]
      },
      {
        "k0": 0,
        "k1": 3,
        "tx": [
          -0.5000551656432481,
          -0.5000551656432481,
          -0.5000551656432481,
          -0.5000551656432481,
          1.0,
          1.0,
          1.0,
          1.0
        ],
        "ty": [
          -1.0,
          -1.0,
          -1.0,
          -1.0,
          1.0,
          1.0,
          1.0,
          1.0
        ],
        "c": [
          42.68347095481853,
          -31.832088718907993,
          18.59842238168655,
          -8.28803422487505,
          -35.79373545245604,
          26.26093120926906,
          -13.440565609899403,
          6.181826844704493,
          17.437924287034345,
          -13.065709007752691,
          5.4764789263728675,
          -3.8061835312229464,
          -1.486734878323529,
          2.589162796436557,
          -1.328286000564431,
          -3.234499538549437
        ]
      },
      {
        "k0": 0,
        "k1": 4,
        "tx": [
          -0.5005255979532084,
          -0.5005255979532084,
          -0.5005255979532084,
          -0.5005255979532084,
          1.0,
          1.0,
          1.0,
          1.0
        ],
        "ty": [
          -0.9794147212011299,
          -0.9794147212011299,
          -0.9794147212011299,
          -0.9794147212011299,
          0.9794147212011299,
          0.9794147212011299,
          0.9794147212011299,
          0.9794147212011299
        ],
        "c": [
          -0.003653400402001401,
          4.496393319913711,
          -0.6574949408270999,
          0.555184710941327,
          0.36823116708845727,
          -6.95373021934818,
          1.1045634239989408,
          -0.3452187942986623,
          -0.6028183683307439,
          6.540307377998311,
          -1.2581842942156751,
          0.052767406472401884,
          -1.65076132360332,
          -1.9200483702885485,
          1.5159000339467805,
          -1.885714305904914
        ]
      },
      {
        "k0": 0,
        "k1": 5,
        "tx": [
          -0.5,
          -0.5,
          -0.5,
          -0.5,
          1.0,
          1.0,
          1.0,
          1.0
        ],
        "ty": [
          -0.5,
          -0.5,
          -0.5,
          -0.5,
          0.5,
          0.5,
          0.5,
          0.5
        ],